bids_name	cjv	cnr	efc	fber	fwhm_avg	fwhm_x	fwhm_y	fwhm_z	icvs_csf	icvs_gm	icvs_wm	inu_med	inu_range	qi_1	qi_2	rpve_csf	rpve_gm	rpve_wm	size_x	size_y	size_z	snr_csf	snr_gm	snr_total	snr_wm	snrd_csf	snrd_gm	snrd_total	snrd_wm	spacing_x	spacing_y	spacing_z	summary_bg_k	summary_bg_mad	summary_bg_mean	summary_bg_median	summary_bg_n	summary_bg_p05	summary_bg_p95	summary_bg_stdv	summary_csf_k	summary_csf_mad	summary_csf_mean	summary_csf_median	summary_csf_n	summary_csf_p05	summary_csf_p95	summary_csf_stdv	summary_gm_k	summary_gm_mad	summary_gm_mean	summary_gm_median	summary_gm_n	summary_gm_p05	summary_gm_p95	summary_gm_stdv	summary_wm_k	summary_wm_mad	summary_wm_mean	summary_wm_median	summary_wm_n	summary_wm_p05	summary_wm_p95	summary_wm_stdv	tpm_overlap_csf	tpm_overlap_gm	tpm_overlap_wm	wm2max
sub-01_ses-01_T1w	0.6061480825958702	1.4886550766469866	0.5422	7834.6638	3.5607279999999997	4.058912	3.931338666666667	2.691933333333333	0.27996571094693407	0.3720075845384562	0.3480267045146098	0.532182514667511	0.0903216227889061	0.0	0.002877871039082574	6.464814451258526	6.362051638126218	6.504027708005218	256	256	124	1.601219403238415	3.05129029531579	4.183314059536171	7.897432480054308	16.527284681545485	30.627124425488976	31.763375247345227	48.13571663500122	0.9375	0.9375	1.5	10.9152	0.0	7.3071	0.0	3443683.0	0.0	34.0	12.6847	-0.7417	160.3883	333.4462	320.0	343765.9770765782	51.0	666.0	199.8474	5.3148	111.0701	592.0651	593.0	456782.9051144044	251.0	939.0	194.3438	-0.085	94.4141	901.12	932.0	427337.1182547546	675.0	1044.0	118.0129	0.21197280025792634	0.5419076837575868	0.5435147373646422	0.588149182185689
sub-01_ses-02_T1w	0.614773590504451	1.4601717740125284	0.5546	2998.6815	3.5233979234050707	4.0296	3.894464	2.6461297702152127	0.2771055158903518	0.37165003663486634	0.35124444747478184	0.513085126876831	0.08173501193523403	0.0	0.00573995583701201	6.4278677453784185	6.321528327272206	6.463106093479271	256	256	124	1.5995320535747737	3.022483807990382	4.1504693751040085	7.829392263746872	15.575726345571297	28.919417140063842	29.922215720983285	45.271503677314705	0.9375	0.9375	1.4993557929992676	11.2881	0.0	7.9843	0.0	3295627.0	0.0	36.0	13.5017	-0.8744	161.2965	334.9429	321.0	342159.63819841016	51.0	669.0	200.6834	3.4978	112.4315	594.2983	596.0	458899.7142941365	244.0	946.0	197.1886	-0.192	94.7472	900.8039	933.0	433703.64780009165	673.0	1046.0	119.1662	0.2141268744240647	0.5432135542847216	0.5415911001441387	0.5989080676251083
sub-02_ses-01_T1w	0.7142079710144927	1.209304175142607	0.5756	1143.0235	3.7794346666666665	4.285642666666666	4.308181333333334	2.74448	0.2717781974542648	0.36124745301892824	0.36697434952680696	0.6308276057243347	0.13023135662078855	0.0	0.004653709268058157	7.171413073277125	7.051967615408185	7.1694889666451616	256	256	124	1.557942512110923	3.2155784707998403	4.646603228298836	9.166288701985744	11.915193412006033	25.58836617988181	24.624733051479136	36.37063956254956	0.9375	0.9375	1.5	8.1164	0.0	10.0641	0.0	3292546.0	0.0	45.0	16.7699	-0.929	159.4997	330.7942	305.0	302673.12770748977	63.0	677.0	195.7707	8.8892	107.7232	651.1377	655.0	402312.97987029795	291.0	985.0	203.6956	-0.3859	89.3982	915.445	931.0	408690.8927946356	729.0	1058.0	101.5677	0.20969641150046728	0.5347530725907604	0.5548430461666863	0.5036146720462805
sub-02_ses-02_T1w	0.7199601423487545	1.2156746063541475	0.5656	936.5461	3.7000195678247962	4.1457706666666665	4.214026666666666	2.740261370141055	0.2710786917732386	0.361006570882608	0.3679147373441533	0.64192134141922	0.13422729372978204	0.0	0.005258579718538983	7.119548539692222	6.999246240977163	7.111350936023941	256	256	124	1.462908473212936	3.2207082225938826	4.586797220015785	9.076774964240537	9.556500472681066	22.043217118170265	20.999882571791613	31.399930124523504	0.9375	0.9375	1.5004955530166626	8.0943	0.0	12.0729	0.0	3500026.0	0.0	52.0	19.675	-0.9414	165.5326	318.9042	287.0	304341.94487243856	59.0	671.0	196.1842	6.3721	110.7814	658.4822	662.0	405304.60426616715	293.0	997.0	205.5446	-0.3672	91.5274	927.811	943.0	413060.45111143665	737.0	1075.0	103.8914	0.2079845664500619	0.5345274548296267	0.556468196995525	0.5025525601288958
sub-03_ses-01_T1w	0.5586657971014493	1.6348598100201457	0.5538	3156.3967	3.689003111111111	4.153226666666667	4.107669333333333	2.8061133333333337	0.282423977846875	0.37110085597139814	0.34647516618172686	0.43935544788837433	0.08041892051696775	0.0	0.004699843626048914	6.668248067625153	6.589881719639611	6.71774986165943	256	256	124	1.3930327616580604	3.2323370004251215	5.069472489292842	10.583047705795343	18.039315553457634	39.622068090630165	39.83682184721894	61.849081897569036	0.9375	0.9375	1.5	12.2975	0.0	5.7415	0.0	3315176.0	0.0	25.0	10.1688	-0.8692	167.418	308.1328	280.0	337425.4830292115	42.0	657.0	201.0	3.2086	119.5312	611.2355	615.0	443372.00592293264	271.0	945.0	190.2646	-0.2838	73.2085	937.368	960.0	413950.51226805424	759.0	1050.0	90.711	0.2130880515566548	0.5437642494137802	0.5636577558231275	0.6061133670172676
sub-03_ses-02_T1w	0.5564991354466858	1.6112128087728474	0.5503	3209.4969	3.6469631111111114	4.127989333333334	4.05248	2.76042	0.28204753882197753	0.37159082191416476	0.3463616392638577	0.48045285046100616	0.09219373762607569	0.0	0.006401789116918346	6.2731583725736035	6.192723342897262	6.3238723004207325	256	256	116	1.3890982807814085	3.1543307607272464	4.897267903139214	10.148374667908987	19.179784795224155	41.6358317618745	42.045364533302774	65.32047704280967	0.9375	0.9375	1.5	9.0521	0.0	6.0624	0.0	3293797.0	0.0	24.0	9.5983	-0.8297	167.0276	309.6175	281.0	334476.79202660813	43.0	659.0	202.2892	3.5827	117.771	606.412	610.0	440665.0970240473	258.0	945.0	193.3847	-0.2749	75.3342	934.7412	957.0	410746.1120416812	750.0	1053.0	94.3007	0.2160658269157859	0.5429465221375048	0.5636256678840615	0.6205069727956894
sub-04_ses-01_T1w	0.6161415384615384	1.5162568594092527	0.5363	2989.6974	3.4880924444444443	3.9706026666666667	3.8759146666666666	2.61776	0.27793350962579605	0.3726066945749535	0.3494597957992505	0.43132518231868744	0.0668230727314949	0.0	0.004483876695319513	7.836950785631746	7.732033859022983	7.860117928985491	256	256	124	1.5156124623989145	3.4021482236531613	4.3750757395820505	8.207466532694074	17.00761113431442	32.995838635972774	33.47870456723091	50.43266393140554	0.9375	0.9375	1.5	17.4002	0.0	6.7434	0.0	3409900.0	0.0	32.0	12.2109	-0.8122	166.0508	335.5309	317.0	283129.75465529884	46.0	684.0	209.156	1.1553	110.8988	616.5413	615.0	379572.9495157534	308.0	945.0	180.7679	-0.3275	89.3472	907.0976	940.0	355993.2963094185	686.0	1045.0	114.5297	0.21014147147665813	0.544240464182227	0.548876553564734	0.511981034284884
sub-04_ses-02_T1w	0.6192975	1.4607646466740627	0.5426	2421.1307	3.5129715555555556	4.006325333333334	3.900522666666667	2.6320666666666668	0.2766910164989794	0.3717976203580543	0.3515113631429663	0.4742259383201599	0.0702737987041474	0.0	0.005151583775691476	7.768748830262534	7.658420601393767	7.785875294529797	256	256	124	1.4974032317861392	3.325904367871723	4.26519775322545	7.9722856600184855	15.054243590028685	29.81711472347617	30.076112462659456	45.35697907447352	0.9375	0.9375	1.5	10.2457	0.0	7.748	0.0	3292108.0	0.0	36.0	13.4907	-0.8499	166.0247	331.2975	310.0	284320.21801449877	49.0	679.0	207.0247	1.801	105.7682	614.9591	614.0	382049.19630219997	296.0	948.0	184.6112	-0.3192	92.407	901.7338	934.0	361203.58610829874	677.0	1044.0	117.1557	0.20918118801848734	0.5453429162184485	0.5470822090111389	0.5081995713319349
sub-07_ses-01_T1w	0.6349567164179105	1.364554525025244	0.5519	2664.2162	3.659473777777778	4.220832	4.025909333333334	2.7316800000000003	0.2784250639522233	0.36522300872692565	0.356351927320851	0.5180679559707642	0.06543805599212643	0.0	0.0063333673330987945	5.970480456073562	5.856433422863129	5.968898078950046	256	256	124	1.0783353141080472	2.7916278565616586	3.8775736297379653	7.76275771854419	11.572135902380996	35.247781294497216	33.94886808096465	55.02668704601575	0.9375	0.9375	1.5	10.5947	0.0	7.1936	0.0	3475045.0	0.0	29.0	11.0962	-0.7486	153.3041	245.2341	196.0	371721.683694007	35.0	588.0	181.7614	4.5788	112.4116	588.754	597.0	487604.49149455875	173.0	960.0	213.8535	-0.3327	100.2989	900.1304	932.0	475760.82602262223	672.0	1047.0	120.0603	0.20614611632113614	0.5340903664259304	0.5564927155546421	0.50832594723706
sub-07_ses-02_T1w	0.6230184750733138	1.3923398203458774	0.5714	2586.3234	3.6347004444444444	4.180384	4.000917333333333	2.7228	0.27687511915678814	0.36624937469366675	0.35687550614954516	0.5411498546600342	0.07705077528953552	0.0	0.0064866855650863335	6.011639051508879	5.900778372772388	6.016820572502599	256	256	124	1.0644690903921992	2.7789211042714914	3.900366405467347	7.85770902173835	11.310251984488456	33.760249642141424	32.73721177419774	53.141133695963354	0.9375	0.9375	1.5	34.7709	0.0	6.8222	0.0	3153002.0	0.0	28.0	11.5269	-0.734	157.311	248.8646	199.0	366927.64444474346	29.0	597.0	186.9474	2.8725	113.4358	585.6011	594.0	485370.5191892199	168.0	958.0	213.7518	-0.5694	99.0135	902.6417	935.0	472947.83738702635	675.0	1049.0	118.9913	0.21262882471217967	0.5362349313749991	0.5576650291330713	0.5168835793973924
sub-08_ses-01_T1w	0.6427906906906907	1.3485410802603555	0.5466	2408.3875	3.5307311111111113	4.070805333333333	3.8888746666666667	2.6325133333333333	0.279851725135057	0.36862784943593857	0.3515204254290043	0.5903184413909912	0.10345673561096191	0.0	0.006015906099619663	6.5115277620023715	6.3908348820697976	6.52968934523424	256	256	124	1.4417993682797892	2.8202962232896223	3.6664551982300964	6.737270003120878	16.132726749328015	33.00392338506893	33.685587895603916	51.920113552414804	0.9375	0.9375	1.5	9.3148	0.0	7.0752	0.0	3361143.0	0.0	30.0	11.533	-0.8171	163.6213	308.9695	284.0	341351.66042022477	45.0	641.0	196.9758	4.6054	102.7343	578.5614	581.0	449637.13702807296	198.0	945.0	206.0065	-0.18	111.315	879.1463	914.0	428770.2026275021	624.0	1046.0	135.6631	0.21074494769926022	0.5387584744895602	0.5485325547746934	0.5414128090316496
sub-08_ses-02_T1w	0.6293996987951808	1.3670012275576497	0.5563	2436.8831	3.558217815578588	4.118688000000001	3.9328746666666663	2.6230907800690964	0.27811304764384526	0.36920743408897455	0.3526795182671802	0.5661311447620392	0.0916304320096969	0.0	0.006047548022377685	6.5554429854757865	6.435912571713004	6.5713848893372635	256	256	124	1.4170643332357227	2.898849918436936	3.7560747467971076	6.952309988718665	15.217787646700506	31.340129104568526	31.854483232487308	49.00553294619289	0.9375	0.9375	1.4996697902679443	9.6198	0.0	7.29	0.0	3128211.0	0.0	31.0	12.3125	-0.85	168.127	311.5974	286.0	337169.7971042484	42.0	651.0	201.8254	1.5049	103.5511	587.3284	589.0	447607.8943285588	212.0	950.0	203.1838	-0.2278	105.4096	885.0444	921.0	427570.30863668944	634.0	1047.0	132.4738	0.21277266801780964	0.5384290747452685	0.5482806728631587	0.5462773546547444
sub-09_ses-01_T1w	0.5894871720116618	1.4385293608373022	0.5645	2810.5364	3.4576724444444444	3.961984	3.8673599999999997	2.5436733333333335	0.2795882567278967	0.3704389109245654	0.34997283234753795	0.6032628417015076	0.11159974336624146	0.0	0.005320517632556346	6.368474132372653	6.261158098712233	6.401497116068122	256	256	124	1.4496515946913056	2.9114143821758636	3.9575951310701853	7.511719416343388	14.219955298741676	28.391870207960576	29.160516440324994	44.869723814272724	0.9375	0.9375	1.5	13.4026	0.0	7.3164	0.0	3295160.0	0.0	35.0	13.6372	-0.7723	167.8231	318.3282	296.0	348456.71580623987	41.0	660.0	204.1867	5.4248	104.4569	587.4025	591.0	461685.794025464	213.0	948.0	202.9939	-0.0982	97.7372	899.9161	934.0	436178.4905004664	662.0	1051.0	124.3389	0.2322672597857241	0.547442733892009	0.5637737072301606	0.550234245078319
sub-09_ses-02_T1w	0.6003020289855072	1.437673997499553	0.5651	2719.7983	3.4450164444444447	3.9465386666666666	3.8540906666666666	2.53442	0.2772003297239089	0.3714325859861117	0.35136708428997937	0.5851244032382965	0.10227617025375368	0.0	0.005493751331821608	6.382948801652785	6.274301911702698	6.414982050250994	256	256	124	1.450266270083316	2.8827994153070664	3.906227033777647	7.385615415942558	13.611732726514632	27.17716704239486	27.97967282672452	43.15011871126407	0.9375	0.9375	1.5	10.7445	0.0	7.7567	0.0	3338510.0	0.0	38.0	14.1503	-0.8337	166.2941	315.9986	294.0	344718.01409715996	41.0	655.0	202.7211	5.5202	108.0867	584.3567	587.0	461902.4210383594	210.0	945.0	203.6213	-0.0209	99.0175	897.8652	932.0	436949.56508958334	657.0	1052.0	126.1911	0.23564417677281166	0.5515560442485005	0.5661290356618386	0.5591204914517605
sub-10_ses-01_T1w	0.5860354466858789	1.5964188034021873	0.5745	3070.0762	3.4061862222222223	3.921994666666667	3.7574506666666663	2.5391133333333333	0.28021646535416134	0.372688689998396	0.34709484464744267	0.5463317632675171	0.09434911608695984	0.0	0.005579626621337337	6.089138407133882	5.99649000229751	6.140545546372064	256	256	124	1.7563661022707264	3.2112089311049465	4.477879084962193	8.466062221510905	14.130035445023527	24.73792129231392	25.994845266406923	39.116579061883314	0.9375	0.9375	1.5	9.8624	0.0	9.2787	0.0	3385330.0	0.0	43.0	15.8104	-0.6666	151.3733	348.9043	341.0	364765.05875759	62.0	669.0	194.1506	1.155	115.4687	598.5877	597.0	485138.5579135646	280.0	935.0	185.9111	0.1171	87.8856	916.7429	944.0	451822.38396399363	701.0	1055.0	111.5039	0.22308266287167974	0.5426462394165573	0.5441683137846558	0.6366779498340613
sub-10_ses-02_T1w	0.582187252124646	1.5731387979140525	0.5838	2738.1626	3.3823986666666666	3.8955520000000003	3.727744	2.5239	0.279470283479746	0.37230724919826735	0.3482224673219867	0.5532252788543701	0.09255121350288398	0.0	0.005803211763174379	6.007014989677609	5.911727504979732	6.056195202222844	256	256	124	1.697977153735997	3.0724741192113934	4.3524184781117645	8.286804161387904	14.317233440367895	25.999393241404274	27.273012167081173	41.50240981947135	0.9375	0.9375	1.5	10.6394	0.0	8.7702	0.0	3013878.0	0.0	39.0	14.9173	-0.7913	151.6519	336.9706	326.0	368678.03655156493	59.0	657.0	191.9929	1.6066	117.0303	591.986	592.0	491148.840296214	256.0	941.0	192.6784	0.0098	88.4818	915.4135	945.0	459376.12377566344	694.0	1057.0	114.0366	0.22166352190188945	0.5445555363699576	0.5422353438928352	0.6011642591120133
sub-11_ses-01_T1w	0.6344316614420062	1.3193511424774704	0.5865	3327.3956	3.4192355555555554	3.830357333333333	3.838229333333333	2.58912	0.2779204933384749	0.3673436404619171	0.35473586619960806	0.539447546005249	0.09211947619915012	0.0	0.0061975823827736705	5.6434578091065575	5.527011514728726	5.6569999502947	256	256	124	1.3605164956824283	2.9363040422700686	4.061652017511334	7.8881355145815055	12.405742893971004	26.857345142386347	26.668719811834745	40.74307139914688	0.9375	0.9375	1.5	937.0661	0.0	6.6369	0.0	3226480.0	0.0	27.0	15.0506	-0.6747	172.4872	314.3378	285.0	390410.2028270799	39.0	674.0	209.479	9.8202	106.5465	613.6558	617.0	516027.8159312005	230.0	973.0	210.1279	-0.1868	95.8372	905.8482	936.0	498316.98198794236	681.0	1055.0	118.6591	0.22323796687017405	0.5413676006219668	0.5499350772418962	0.5679112047317998
sub-11_ses-02_T1w	0.6250495412844037	1.3384386395548797	0.5904	3069.5324	3.375812888888889	3.7788480000000004	3.806197333333333	2.5423933333333335	0.27693243405759005	0.36801203590009907	0.3550555300423109	0.532652348279953	0.07992089092731475	0.0	0.006080787342912997	5.662867690174981	5.547604450107934	5.680056453112015	256	256	124	1.3540017428747588	2.8681517375521666	3.999191545369032	7.775421155680171	10.762418936931459	23.286657343965576	23.286657343965576	35.81089575099969	0.9375	0.9375	1.5	1063.3818	0.0	6.7023	0.0	3165014.0	0.0	27.0	17.1052	-0.7866	171.684	309.7334	281.0	387590.2039575432	36.0	666.0	207.5327	8.2909	107.4983	604.2896	608.0	515063.75747843087	214.0	969.0	211.983	-0.3105	96.8929	903.9878	935.0	496930.03917603474	676.0	1054.0	120.2506	0.22474058595189814	0.5408027499469039	0.5480349223007901	0.5703230213136837
sub-12_ses-01_T1w	0.5630369014084506	1.6313735257686082	0.5739	3409.2233	3.5559337777777777	4.022645333333333	3.9463893333333333	2.6987666666666663	0.281650765021222	0.3736423189738354	0.3447069160049425	0.5241592228412628	0.09370987713336942	0.0	0.005508608170064752	5.775022286421046	5.688422443635491	5.835223563205109	256	256	124	1.6592167379346128	3.1506072925057103	4.484580580242887	8.643917710288337	16.21707396270922	28.1890903292975	29.842595909809024	45.12162343742036	0.9375	0.9375	1.5	11.7118	0.0	7.5099	0.0	3358156.0	0.0	36.0	13.7353	-0.7248	175.9424	345.1964	340.0	385755.0843115756	52.0	679.0	204.9157	2.9477	114.8594	591.7248	591.0	511748.7404916659	263.0	929.0	187.5827	0.0512	85.0187	917.2855	946.0	472118.1759838307	705.0	1051.0	109.441	0.21858124628936984	0.5418667052521845	0.5468332252340273	0.5857545314499868
sub-12_ses-02_T1w	0.5706788405797101	1.618794745221845	0.5853	8565.0618	3.6396955555555555	4.099104	4.0671360000000005	2.7528466666666667	0.2789839039475163	0.3745093041728066	0.3465067918796771	0.5140458345413208	0.09233961850404737	0.0	0.005333631575982532	5.784259925806068	5.694916174144664	5.835260512556638	256	256	124	1.6268579965038523	3.298149817323988	4.55700781411229	8.74601562850903	14.306480269711132	25.224583633438048	26.39587441575358	39.65655934411156	0.9375	0.9375	1.5	542.9742	0.0	6.6364	0.0	3014242.0	0.0	31.0	15.6612	-0.7789	178.7282	348.6546	342.0	381864.7984068649	49.0	689.0	210.2209	2.1883	114.3386	604.6257	603.0	512617.1005419297	290.0	937.0	182.8296	-0.0616	82.5456	918.646	948.0	474288.1017703257	707.0	1050.0	108.3921	0.22101826241493225	0.5438270478507646	0.5490725881830542	0.591342169430592
sub-13_ses-01_T1w	0.6067002985074627	1.6319102869514868	0.5451	3087.5906	3.5545435555555556	4.055381333333333	3.9242026666666665	2.6840466666666667	0.27726021435096626	0.3752574444664144	0.3474823411826193	0.5245952606201172	0.09737175107002255	0.0	0.005839711135969053	7.087926810637896	6.997444861191951	7.134503451206282	256	256	124	1.682810376868521	3.503448335426814	4.5661219330183815	8.51210708675981	20.311030563694523	35.51495228622886	37.002079764880875	55.180256444719234	0.9375	0.9375	1.5	11.1866	0.0	6.2103	0.0	3392811.0	0.0	29.0	11.1603	-0.6411	163.2107	354.9976	346.0	311290.30139740946	56.0	692.0	205.6081	-0.1889	114.0562	605.2326	605.0	421315.4175871201	311.0	912.0	172.6868	-0.1557	89.1884	911.4436	940.0	390131.2814397961	701.0	1047.0	110.4308	0.22292740721076004	0.548957742360361	0.5603304800626961	0.5761520159155983
sub-13_ses-02_T1w	0.6037023391812865	1.6242656480162507	0.5438	2782.8523	3.4933346666666663	3.988874666666667	3.8492159999999997	2.6419133333333336	0.27776816985374375	0.37501924824645766	0.3472125818997986	0.5425890982151031	0.09935234487056732	0.0	0.004700734934322568	7.081263984393655	6.990985262629411	7.132365736331746	256	256	124	1.69213512507579	3.3652001326549574	4.459712258413143	8.321801517508682	19.81971588667035	34.296725751716515	36.020179307079154	53.944096282850595	0.9375	0.9375	1.5	9.9704	0.0	6.6961	0.0	3412294.0	0.0	29.0	11.4039	-0.6012	164.4977	352.7627	345.0	311965.87596560037	57.0	688.0	203.8841	-0.1778	115.4634	597.1444	597.0	421190.11816497473	292.0	912.0	177.4038	-0.053	91.0028	910.7065	939.0	389960.006273154	695.0	1050.0	112.836	0.22226086553598431	0.5479975491798367	0.5573544013373558	0.5772277306236345
sub-15_ses-01_T1w	0.617624251497006	1.3858873666687332	0.5429	6117.529	3.359716888888889	3.823722666666667	3.712234666666667	2.5431933333333334	0.2845019232673354	0.3674794978224742	0.34801857891019045	0.5577781200408936	0.0785832554101944	0.0	0.005638155077553639	6.71987057975159	6.611035922553273	6.748200410380584	256	256	124	1.426140004751013	2.8657752359535507	4.020020457633179	7.768146132194974	15.775633418599032	32.64300617412533	33.09789756451169	50.87505310081072	0.9375	0.9375	1.5	76.0556	0.0	6.4258	0.0	3130478.0	0.0	28.0	12.0017	-0.5776	165.952	312.3491	289.0	336678.43816466496	39.0	655.0	202.6446	12.8202	109.8004	595.9954	598.0	434873.76803477295	222.0	958.0	208.6693	1.0196	96.4861	902.0733	932.0	411843.7944254903	676.0	1050.0	119.977	0.21791192255101424	0.5446288135752377	0.5585848025223049	0.43642824217598647
sub-15_ses-02_T1w	0.6231551829268293	1.4363267843922134	0.5453	5780.751	3.513374666666666	4.006784	3.8712	2.66214	0.2821067807391067	0.36920642570621415	0.3486867935546791	0.5080490112304688	0.06508497297763816	0.0	0.0036389811315435715	6.8243921173883075	6.717970468408621	6.850409083021459	256	256	124	1.4958574917986072	3.083674369945743	4.1845951272675705	7.974253520058361	17.400309534527775	35.626396470694154	35.999962438102095	54.97318130908436	0.9375	0.9375	1.5	116.5738	0.0	6.1445	0.0	3241147.0	0.0	26.0	11.107	-0.6944	158.3258	317.5112	295.0	329105.4884790045	48.0	653.0	197.211	7.4661	109.2966	601.2182	604.0	430715.84725218546	253.0	946.0	195.87	0.4372	95.0983	902.3082	932.0	406777.6648910683	680.0	1047.0	116.876	0.22120107968024383	0.5482373649433625	0.5620176371592408	0.45375032626618533
sub-16_ses-01_T1w	0.7185597173144876	1.191280178220967	0.5641	1794.9344	3.582507111111111	4.0806613333333335	4.034506666666667	2.632353333333333	0.2752947500599534	0.36052410535490076	0.3641811445851459	0.565771073102951	0.07092189192771903	0.0	0.005926547353739104	7.377956315404324	7.242693430216239	7.3437876992011075	256	256	124	1.1742160682572989	3.0991363710720217	4.009922967434409	7.756416462973904	8.544443150146503	24.813999285356964	23.071297029467114	35.85544865289788	0.9375	0.9375	1.5	427.7313	0.0	6.8789	0.0	2927398.0	0.0	30.0	16.7916	-0.9338	159.4575	262.1712	219.0	298906.2302713461	36.0	616.0	186.5071	4.716	99.8156	628.6896	636.0	391445.5369385523	246.0	973.0	205.2182	-0.6055	103.5368	891.2175	919.0	395416.2331106694	672.0	1042.0	118.4824	0.20755683313273038	0.5309925189656648	0.5577365488641225	0.3928613896724833
sub-16_ses-02_T1w	0.7089760563380282	1.1859397187636291	0.5548	5230.3416	3.539894222222222	4.0249706666666665	3.992405333333333	2.6023066666666668	0.27614881747445924	0.35977573138272373	0.364075451142817	0.5623556673526764	0.07033895552158353	0.0	0.005587343574839842	7.375798825228596	7.240526662010073	7.342537350452567	256	256	124	1.1274494088929083	3.0653901871074787	3.9863203894324744	7.766121572297036	8.624649513825956	25.512916701364222	23.68101440152832	36.905476989394785	0.9375	0.9375	1.5	653.0667	0.0	6.3721	0.0	3003467.0	0.0	28.0	16.3316	-0.8875	163.3939	261.3471	215.0	299859.5073574395	34.0	621.0	190.6956	6.1791	99.2039	628.7962	636.0	390666.7953831232	240.0	974.0	207.4774	-0.3223	102.1453	891.0816	920.0	395335.6976830791	671.0	1041.0	118.4631	0.20749261893565826	0.5299904012768313	0.5576266395375085	0.401037434523722
